file,cc1_emotional_stability,cc2_linguistic_consistency,cc3_action_intention_alignment,dc1_adjacent_similarity,dc2_qa_relevance,dc3_topic_concentration,pr1_scene_similarity,pr2_event_coherence,regex_parsing_successful
output_benchmark_v4_gt_100.csv,0.708109143035732,0.9221208498082698,0.8989300278476883,0.8454528446959837,0.8478956934326115,0.9124774176718365,0.9214251186090164,0.8987907877834986,1.0
gemini-2.0-flash-001_base.csv,0.19958333333333336,0.1255308790740535,0.08663305353791985,0.4314300839220634,0.054916898924039656,0.4520946110354624,0.6049568256373287,0.9017942580462998,1.0
gemini-2.0-flash-lite-001_base.csv,0.01,0.0,0.026179369489994723,0.08190072821100806,0.0,0.08699592268034681,0.10773916869483229,0.8966394946372951,1.0
internlm3-8b-instruct_base.csv,0.1085,0.11663176168483197,0.11558079730325616,0.20820250910169605,0.13131783689683407,0.22012997938514448,0.38050187532130614,0.8238672532494509,1.0
meta_llama-4-maverick-17b-128e-instruct_base.csv,0.39351636904761894,0.4650234814902514,0.4232649196245976,0.5913505140843862,0.4240645211065675,0.6312140785136477,0.23578886899838417,0.9053066553817792,1.0
meta_llama-4-scout-17b-16e-instruct_base.csv,0.399005303030303,0.472792821134492,0.41284634287647715,0.6348806277717524,0.4003927545709962,0.6645016919726813,0.2305762059221252,0.8626183604350354,1.0
o3-mini_base.csv,0.0,0.0,0.0,0.0,0.0,0.0,0.0,0.8984322544266894,1.0
o4-mini-2025-04-16_base.csv,0.013611111111111112,0.01890231513418084,0.017597141345788513,0.026737529424229828,0.017118274007253947,0.02857539650050078,0.009480110006118413,0.8985654320804598,1.0
