file,cc1_emotional_stability,cc2_linguistic_consistency,cc3_action_intention_alignment,dc1_adjacent_similarity,dc2_qa_relevance,dc3_topic_concentration,pr1_scene_similarity,pr2_event_coherence,regex_parsing_successful
output_benchmark_v4_gt_100.csv,0.708109143035732,0.9221208498082698,0.8989300278476883,0.8454528446959837,0.8478956934326115,0.9124774176718365,0.9214251186090164,0.8987907877834986,1.0
gemini-2.0-flash-001_instruction.csv,0.6389421502109001,0.9248722861395984,0.8881825006789188,0.8824087396338656,0.8715272788075743,0.9401901543970098,0.9386653660022418,0.9001694427905486,1.0
gemini-2.0-flash-lite-001_instruction.csv,0.653715918753865,0.9236777726349276,0.8756009090839438,0.8556424401435588,0.8494331131972856,0.9280898187143509,0.9375255961877058,0.9006735515700628,1.0
internlm3-8b-instruct_instruction.csv,0.5835347222222222,0.8757113453614636,0.8588595323438638,0.8866783750027699,0.8663969694195817,0.9428085249897451,0.8947143032128764,0.8970510823004071,1.0
meta_llama-4-maverick-17b-128e-instruct_instruction.csv,0.6287653006715507,0.9182415410043179,0.8866333582737234,0.8675710120727952,0.8326383690366531,0.9367009031089121,0.9474815048539565,0.9058801007908843,1.0
meta_llama-4-scout-17b-16e-instruct_instruction.csv,0.6721097733285233,0.9484797228048838,0.8768926737938278,0.871337738852177,0.8509796800659167,0.9367739306952144,0.9318657752319299,0.9062939548187992,1.0
o3-mini_instruction.csv,0.615375,0.7581302722895962,0.8859923632468777,0.8925215121111658,0.7432254107739408,0.9493245954299709,0.9541230621912942,0.8987876174735476,1.0
o4-mini-2025-04-16_instruction.csv,0.6597564784752282,0.9345035397413325,0.8826321756361025,0.8661861530831655,0.8625903305291819,0.931693535840956,0.9534711400752532,0.8975783766903562,1.0
